"<Polygon><outerBoundaryIs><LinearRing><coordinates>-10.6751432124,6.28015220202,0 -10.6752024415,6.27946016996,0 -10.674271191,6.2797378726,0 -10.6728474383,6.27912285942,0 -10.672255435,6.27886714205,0 -10.6707138769,6.27826904672,0 -10.6687624329,6.27769242275,0 -10.6669910877,6.27758189227,0 -10.6667245109,6.27620538798,0 -10.6660913153,6.27567461263,0 -10.6650131264,6.27477081847,0 -10.6638958556,6.2736552121,0 -10.6632016424,6.27347050045,0 -10.6609916734,6.27314237492,0 -10.6580350307,6.27291488953,0 -10.6568291676,6.27280392786,0 -10.6564708456,6.27114957183,0 -10.6562162585,6.26958234725,0 -10.6560557309,6.26880025894,0 -10.6560410669,6.26793801079,0 -10.6560839375,6.26633943585,0 -10.6562553987,6.26480184093,0 -10.6561840289,6.26397495798,0 -10.6562328252,6.26336449364,0 -10.6583222226,6.26318207057,0 -10.6585244577,6.26217116166,0 -10.658420642,6.26134952117,0 -10.6586287622,6.26078893512,0 -10.6588742282,6.25955162094,0 -10.6589768963,6.25806392071,0 -10.6577750865,6.25674653532,0 -10.6574157714,6.25636759973,0 -10.6570544906,6.25599558025,0 -10.6559763093,6.25504951552,0 -10.653767084,6.25292631333,0 -10.6528625918,6.2510387034,0 -10.6522220976,6.24963697815,0 -10.6519721199,6.24908989767,0 -10.6463330264,6.25319735699,0 -10.6452490821,6.25215059988,0 -10.643624862,6.2507020074,0 -10.6409257475,6.24815534177,0 -10.6392214014,6.24439328349,0 -10.637392453,6.23985871316,0 -10.6359200164,6.23984495708,0 -10.6348361394,6.23990991671,0 -10.6349187062,6.23921676957,0 -10.6351708573,6.23838802463,0 -10.6337279534,6.23813861738,0 -10.6318229585,6.23794920294,0 -10.6295446044,6.23964932715,0 -10.6281477017,6.24069135047,0 -10.6268706338,6.24047725479,0 -10.6248143785,6.2401325239,0 -10.6225903926,6.2397042024,0 -10.6232774982,6.23776302859,0 -10.623653593,6.23683318544,0 -10.6245574296,6.23468383829,0 -10.6249457563,6.23364457114,0 -10.6249244716,6.22672586556,0 -10.6248563945,6.22575455338,0 -10.624477911,6.22491815545,0 -10.6249409538,6.22323418426,0 -10.626081099,6.22027024674,0 -10.6267781078,6.21854296052,0 -10.6285226801,6.21618243694,0 -10.6288056356,6.21760286251,0 -10.6337889407,6.21869068157,0 -10.6348909672,6.21912188425,0 -10.635664479,6.21942467878,0 -10.6386728038,6.21976067145,0 -10.6413363773,6.22019662064,0 -10.6422296722,6.22042556089,0 -10.6440007175,6.22087896332,0 -10.6454086119,6.22087203675,0 -10.6465649783,6.22106821727,0 -10.6474529568,6.22131242361,0 -10.6487900362,6.22217542879,0 -10.6504660302,6.22307931409,0 -10.6522914069,6.22356642419,0 -10.6529449735,6.22415723038,0 -10.6610196828,6.2258477031,0 -10.662670681,6.22619290157,0 -10.6657415963,6.22712024573,0 -10.6665577901,6.22698316169,0 -10.6674826405,6.22718595644,0 -10.6680602121,6.22731242112,0 -10.6702077409,6.22814036071,0 -10.6712807335,6.22839919426,0 -10.6732279231,6.22793411782,0 -10.6738971575,6.22856072834,0 -10.6746413881,6.22897234049,0 -10.6758259319,6.22941278873,0 -10.6768365538,6.23003746119,0 -10.6781219185,6.23039224463,0 -10.6788363189,6.23038997106,0 -10.6799717345,6.23083056457,0 -10.6819455732,6.2314651541,0 -10.6834263654,6.23200353834,0 -10.6845609981,6.23219715195,0 -10.6856460595,6.23234175334,0 -10.6877560437,6.23337867545,0 -10.6894901449,6.23348517836,0 -10.690678787,6.23365769373,0 -10.6921003615,6.2339543562,0 -10.6921302819,6.23324612996,0 -10.6956736888,6.23418249547,0 -10.6960414373,6.23474024233,0 -10.6963669086,6.23523426325,0 -10.6971315236,6.2355686287,0 -10.698872969,6.23733644504,0 -10.7006903303,6.24022525538,0 -10.7027940606,6.24224506539,0 -10.7044010531,6.24372506354,0 -10.7056983404,6.24574520539,0 -10.7063101576,6.24719733569,0 -10.7067185114,6.24816636198,0 -10.7072422034,6.24917372583,0 -10.7077393291,6.25069601922,0 -10.7077919228,6.25124008104,0 -10.7078610888,6.25207453265,0 -10.707728849,6.25347090516,0 -10.7078320216,6.25410496491,0 -10.7041697508,6.25444124645,0 -10.7042760609,6.25553358699,0 -10.7041989782,6.25812932589,0 -10.7041902304,6.2598945155,0 -10.7041855914,6.26083605925,0 -10.7041801544,6.2619251099,0 -10.7041749375,6.26298350008,0 -10.7044506387,6.26473202171,0 -10.7026322105,6.26470216664,0 -10.7012852698,6.26476686622,0 -10.7006739566,6.26479611652,0 -10.6996555368,6.26484519411,0 -10.6990134826,6.26487609651,0 -10.6981685735,6.26522583179,0 -10.6967100147,6.26574704913,0 -10.6957845846,6.26652207782,0 -10.6949928133,6.26721665968,0 -10.6938927945,6.26848850013,0 -10.6933184371,6.26966604624,0 -10.6929594363,6.27058288574,0 -10.6927153395,6.27188393525,0 -10.6925192371,6.27350936614,0 -10.6924780382,6.27449257004,0 -10.6914738737,6.27471172637,0 -10.6905978968,6.27467355934,0 -10.6893175846,6.27459291651,0 -10.6884872284,6.27452123055,0 -10.6876099724,6.27444526809,0 -10.6863970692,6.2742942996,0 -10.6854823815,6.27417231063,0 -10.6844785173,6.2739297498,0 -10.6837209315,6.27332401964,0 -10.6829429389,6.27257352323,0 -10.6823518499,6.27273225294,0 -10.6820139877,6.27319315097,0 -10.681851448,6.27423828513,0 -10.6818112662,6.27479227195,0 -10.6815961445,6.27623639556,0 -10.6813655869,6.27741628304,0 -10.6814861415,6.27905996593,0 -10.6811837237,6.27993270801,0 -10.6809441952,6.28071924042,0 -10.6802148277,6.28061091482,0 -10.6792377893,6.28047428361,0 -10.677202114,6.28030758132,0 -10.6751432124,6.28015220202,0</coordinates></LinearRing></outerBoundaryIs></Polygon>",169,2,EPI A2,29828.634486,34748697.496100,Rehab/Borbor Town,0,
"<Polygon><outerBoundaryIs><LinearRing><coordinates>-10.6519084318,6.34013490212,0 -10.6494772981,6.33409625535,0 -10.6488747289,6.33378620313,0 -10.6483893295,6.33257322021,0 -10.6483151165,6.33122118865,0 -10.6478692798,6.32309829461,0 -10.6477939297,6.32233476823,0 -10.6478457,6.32123509852,0 -10.6493594909,6.3160243335,0 -10.6503923687,6.31518409773,0 -10.6500549726,6.31446737877,0 -10.6494425096,6.3119153696,0 -10.6491433361,6.3110476271,0 -10.6479714444,6.30764855727,0 -10.6473908039,6.30474321176,0 -10.647070131,6.30313974184,0 -10.6471450063,6.30153953973,0 -10.6473740272,6.29929513464,0 -10.6490996465,6.29377720001,0 -10.6494962859,6.29250887414,0 -10.6506026181,6.28904138102,0 -10.6520337914,6.28561349346,0 -10.6527266731,6.28395392245,0 -10.6558934449,6.27636885271,0 -10.6563739704,6.27521809719,0 -10.6567695528,6.27427076039,0 -10.6568291676,6.27280392786,0 -10.6580350307,6.27291488953,0 -10.6609916734,6.27314237492,0 -10.6632016424,6.27347050045,0 -10.6638958556,6.2736552121,0 -10.6650131264,6.27477081847,0 -10.6660913153,6.27567461263,0 -10.6667245109,6.27620538798,0 -10.6669910877,6.27758189227,0 -10.6687624329,6.27769242275,0 -10.6707138769,6.27826904672,0 -10.672255435,6.27886714205,0 -10.6728474383,6.27912285942,0 -10.674271191,6.2797378726,0 -10.6752024415,6.27946016996,0 -10.6751432124,6.28015220202,0 -10.677202114,6.28030758132,0 -10.6792377893,6.28047428361,0 -10.6802148277,6.28061091482,0 -10.6809441952,6.28071924042,0 -10.6811837237,6.27993270801,0 -10.6814861415,6.27905996593,0 -10.6813655869,6.27741628304,0 -10.6815961445,6.27623639556,0 -10.6818112662,6.27479227195,0 -10.681851448,6.27423828513,0 -10.6820139877,6.27319315097,0 -10.6823518499,6.27273225294,0 -10.6829429389,6.27257352323,0 -10.6837209315,6.27332401964,0 -10.6844785173,6.2739297498,0 -10.6854823815,6.27417231063,0 -10.6863970692,6.2742942996,0 -10.6876099724,6.27444526809,0 -10.6884872284,6.27452123055,0 -10.6893175846,6.27459291651,0 -10.6905978968,6.27467355934,0 -10.6914738737,6.27471172637,0 -10.6924780382,6.27449257004,0 -10.6925704359,6.27592859718,0 -10.6923589141,6.2778508327,0 -10.6921025826,6.28017952319,0 -10.6920387846,6.28075948522,0 -10.6919270198,6.28177550245,0 -10.691689778,6.2839317483,0 -10.69156805,6.28503745105,0 -10.6902610715,6.2845953404,0 -10.6888410916,6.28447438857,0 -10.6879767764,6.28440341332,0 -10.6869152625,6.28431596909,0 -10.6846429017,6.28411638997,0 -10.6845367857,6.28468021787,0 -10.684339117,6.28522358393,0 -10.6839707059,6.28568077987,0 -10.6835170785,6.28637388481,0 -10.6829694384,6.28668883939,0 -10.6824953202,6.28711036386,0 -10.6819381035,6.28789136822,0 -10.6824877921,6.28893183776,0 -10.6826923677,6.29010895042,0 -10.6827221579,6.29099486673,0 -10.6824123746,6.29226363663,0 -10.6830450329,6.29312112888,0 -10.683414102,6.29367441843,0 -10.6837684411,6.29452777498,0 -10.684139222,6.29633467122,0 -10.6835101568,6.29668362786,0 -10.6828621863,6.29695190363,0 -10.6818088602,6.29728284323,0 -10.6806585083,6.29796675965,0 -10.6797099502,6.29865704075,0 -10.6792148045,6.29924525947,0 -10.6780903491,6.30012608495,0 -10.676436592,6.30238023267,0 -10.6741694939,6.30512997657,0 -10.6732724118,6.3062164799,0 -10.6721681692,6.30777815542,0 -10.6743821266,6.31004197933,0 -10.6762623958,6.31220182904,0 -10.6773325348,6.31328208459,0 -10.6786590501,6.31424988426,0 -10.6807711114,6.31499076137,0 -10.6816806112,6.31564342451,0 -10.6822253365,6.31603432135,0 -10.6847790813,6.31757239833,0 -10.6867611199,6.31879743269,0 -10.68878452,6.31899897967,0 -10.6894784453,6.31880616495,0 -10.6894066273,6.3198038228,0 -10.6893517629,6.3205714479,0 -10.6893071549,6.32119556563,0 -10.6889834297,6.32400200677,0 -10.6888056036,6.32759135812,0 -10.6888509523,6.32855288722,0 -10.6885137074,6.32911811346,0 -10.6882741611,6.33045094378,0 -10.6887566375,6.33078337652,0 -10.6858382526,6.33233006272,0 -10.6846590689,6.33301263397,0 -10.6796620111,6.33553300707,0 -10.6751903331,6.33699674022,0 -10.6646562751,6.3398753225,0 -10.6639917887,6.34049469025,0 -10.6605425599,6.3397947857,0 -10.6598926138,6.33872957608,0 -10.6589861621,6.33903285277,0 -10.6587102713,6.339578545,0 -10.6541301098,6.3413841584,0 -10.6521148009,6.34189970638,0 -10.6518663169,6.34127834908,0 -10.6523005445,6.34096160752,0 -10.6519084318,6.34013490212,0</coordinates></LinearRing></outerBoundaryIs></Polygon>",138,11,EPI  A1,26770.728227,25979949.689000,Kemah Town/Omega,1,
"<Polygon><outerBoundaryIs><LinearRing><coordinates>-10.6819381035,6.28789136822,0 -10.6824953202,6.28711036386,0 -10.6829694384,6.28668883939,0 -10.6835170785,6.28637388481,0 -10.6839707059,6.28568077987,0 -10.684339117,6.28522358393,0 -10.6845367857,6.28468021787,0 -10.6846429017,6.28411638997,0 -10.6869152625,6.28431596909,0 -10.6879767764,6.28440341332,0 -10.6888410916,6.28447438857,0 -10.6902610715,6.2845953404,0 -10.69156805,6.28503745105,0 -10.691689778,6.2839317483,0 -10.6919270198,6.28177550245,0 -10.6920387846,6.28075948522,0 -10.6921025826,6.28017952319,0 -10.6923589141,6.2778508327,0 -10.6925704359,6.27592859718,0 -10.6924780382,6.27449257004,0 -10.6925192371,6.27350936614,0 -10.6927153395,6.27188393525,0 -10.6929594363,6.27058288574,0 -10.6933184371,6.26966604624,0 -10.6938927945,6.26848850013,0 -10.6949928133,6.26721665968,0 -10.6957845846,6.26652207782,0 -10.6967100147,6.26574704913,0 -10.6981685735,6.26522583179,0 -10.6990134826,6.26487609651,0 -10.6996555368,6.26484519411,0 -10.7006739566,6.26479611652,0 -10.7012852698,6.26476686622,0 -10.7026322105,6.26470216664,0 -10.7044506387,6.26473202171,0 -10.7041749375,6.26298350008,0 -10.7041801544,6.2619251099,0 -10.7041855914,6.26083605925,0 -10.7041902304,6.2598945155,0 -10.7041989782,6.25812932589,0 -10.7042760609,6.25553358699,0 -10.7041697508,6.25444124645,0 -10.7078320216,6.25410496491,0 -10.7080137971,6.25522933017,0 -10.7081958329,6.25674999315,0 -10.7086665611,6.25713100382,0 -10.7090380386,6.25800011451,0 -10.7096414976,6.2593906607,0 -10.7102872871,6.26000925602,0 -10.7110113029,6.26089484482,0 -10.7110955825,6.26147638311,0 -10.7109899094,6.26199976683,0 -10.7107949643,6.26262007999,0 -10.7101588717,6.26362582311,0 -10.7097749659,6.26434607167,0 -10.7093153948,6.2652624234,0 -10.7089650645,6.26588042459,0 -10.7082874492,6.26656227797,0 -10.708630557,6.26828929417,0 -10.7088434131,6.26924409148,0 -10.70926756,6.27156278169,0 -10.7094317747,6.27226443186,0 -10.7095748455,6.27287573445,0 -10.7094610042,6.27442402995,0 -10.7104525961,6.27612553403,0 -10.7108699384,6.27764864853,0 -10.7118864161,6.27903105186,0 -10.7123304538,6.27966762733,0 -10.7134788125,6.28057294683,0 -10.7143639606,6.28117453897,0 -10.7167555786,6.28237419635,0 -10.7174556701,6.2829628281,0 -10.7182732488,6.28365155426,0 -10.7190045201,6.2842687896,0 -10.719668826,6.28500062325,0 -10.7213807714,6.28483221508,0 -10.7244668659,6.28722817314,0 -10.7248376119,6.28934543704,0 -10.7250656757,6.29056982743,0 -10.7256568341,6.29372075704,0 -10.7256003818,6.29492694581,0 -10.7266532477,6.29551855364,0 -10.7273022273,6.29637880486,0 -10.7276935217,6.29736875885,0 -10.7276975154,6.29857644179,0 -10.7276140951,6.29948206628,0 -10.7270121939,6.30073276189,0 -10.7267154102,6.30133868913,0 -10.7266045689,6.30240716405,0 -10.7264412708,6.30324043382,0 -10.7288132454,6.30512945237,0 -10.7295538581,6.30711614963,0 -10.7299391456,6.30809324304,0 -10.7308085102,6.30880751219,0 -10.7310994496,6.30981248224,0 -10.7308443966,6.31179130622,0 -10.730435438,6.31348411498,0 -10.7293709115,6.31513088551,0 -10.7288532692,6.31554662998,0 -10.728105568,6.3159715637,0 -10.7266904074,6.31332305356,0 -10.7257908734,6.31240278416,0 -10.7246477667,6.31149507754,0 -10.7221028176,6.30994945839,0 -10.7214196045,6.3095326974,0 -10.7208951519,6.30921277998,0 -10.7194543228,6.30849359553,0 -10.7185095823,6.30799456119,0 -10.7175574597,6.30749107941,0 -10.7166263294,6.30695858024,0 -10.7152010558,6.30614264265,0 -10.7142417961,6.30556552563,0 -10.7137010673,6.30523783066,0 -10.7129919603,6.30480869355,0 -10.7124268763,6.30449592061,0 -10.7114562546,6.30395867971,0 -10.7108378821,6.303633206,0 -10.7092204238,6.30272581197,0 -10.7076690542,6.30166821897,0 -10.7063001152,6.30087068829,0 -10.7053268777,6.30034070644,0 -10.7043938378,6.2998328901,0 -10.7028254582,6.29893239337,0 -10.7021539781,6.29854531436,0 -10.7013635218,6.29808999739,0 -10.7005529302,6.29762296234,0 -10.6995392728,6.29713133628,0 -10.6977431812,6.29618737224,0 -10.6963217168,6.29535807501,0 -10.695496169,6.2948784923,0 -10.6948248534,6.29449031987,0 -10.6931843553,6.293542123,0 -10.690842933,6.29219345984,0 -10.6909439624,6.29128720213,0 -10.6911208753,6.29040952134,0 -10.6912747224,6.28979301317,0 -10.6819381035,6.28789136822,0</coordinates></LinearRing></outerBoundaryIs></Polygon>",137,19,EPI  B1,20694.248983,13524175.721000,72nd Community,2,
"<Polygon><outerBoundaryIs><LinearRing><coordinates>-10.6889834297,6.32400200677,0 -10.6893071549,6.32119556563,0 -10.6893517629,6.3205714479,0 -10.6894066273,6.3198038228,0 -10.6894784453,6.31880616495,0 -10.68878452,6.31899897967,0 -10.6867611199,6.31879743269,0 -10.6847790813,6.31757239833,0 -10.6822253365,6.31603432135,0 -10.6816806112,6.31564342451,0 -10.6807711114,6.31499076137,0 -10.6786590501,6.31424988426,0 -10.6773325348,6.31328208459,0 -10.6762623958,6.31220182904,0 -10.6743821266,6.31004197933,0 -10.6721681692,6.30777815542,0 -10.6732724118,6.3062164799,0 -10.6741694939,6.30512997657,0 -10.676436592,6.30238023267,0 -10.6780903491,6.30012608495,0 -10.6792148045,6.29924525947,0 -10.6797099502,6.29865704075,0 -10.6806585083,6.29796675965,0 -10.6818088602,6.29728284323,0 -10.6828621863,6.29695190363,0 -10.6835101568,6.29668362786,0 -10.684139222,6.29633467122,0 -10.6837684411,6.29452777498,0 -10.683414102,6.29367441843,0 -10.6830450329,6.29312112888,0 -10.6824123746,6.29226363663,0 -10.6827221579,6.29099486673,0 -10.6826923677,6.29010895042,0 -10.6824877921,6.28893183776,0 -10.6819381035,6.28789136822,0 -10.6912747224,6.28979301317,0 -10.6911208753,6.29040952134,0 -10.6909439624,6.29128720213,0 -10.690842933,6.29219345984,0 -10.6931843553,6.293542123,0 -10.6948248534,6.29449031987,0 -10.695496169,6.2948784923,0 -10.6963217168,6.29535807501,0 -10.6977431812,6.29618737224,0 -10.6995392728,6.29713133628,0 -10.7005529302,6.29762296234,0 -10.7013635218,6.29808999739,0 -10.7021539781,6.29854531436,0 -10.7028254582,6.29893239337,0 -10.7043938378,6.2998328901,0 -10.7053268777,6.30034070644,0 -10.7063001152,6.30087068829,0 -10.7076690542,6.30166821897,0 -10.7092204238,6.30272581197,0 -10.7108378821,6.303633206,0 -10.7114562546,6.30395867971,0 -10.7124268763,6.30449592061,0 -10.7129919603,6.30480869355,0 -10.7137010673,6.30523783066,0 -10.7142417961,6.30556552563,0 -10.7152010558,6.30614264265,0 -10.7166263294,6.30695858024,0 -10.7175574597,6.30749107941,0 -10.7185095823,6.30799456119,0 -10.7194543228,6.30849359553,0 -10.7208951519,6.30921277998,0 -10.7214196045,6.3095326974,0 -10.7221028176,6.30994945839,0 -10.7246477667,6.31149507754,0 -10.7257908734,6.31240278416,0 -10.7266904074,6.31332305356,0 -10.728105568,6.3159715637,0 -10.7272132625,6.31598469323,0 -10.7266672143,6.31624507011,0 -10.7261460138,6.31700002391,0 -10.7253896582,6.31698473044,0 -10.7247439194,6.31689984039,0 -10.7238123327,6.31714254579,0 -10.7238201074,6.31805637459,0 -10.7240170218,6.31861687496,0 -10.7240064041,6.31916339755,0 -10.7238255336,6.32011385121,0 -10.7234634173,6.32104814965,0 -10.7236366333,6.32170317958,0 -10.7242884163,6.32217865385,0 -10.7250563236,6.32200182724,0 -10.7257520309,6.32285519892,0 -10.7254596376,6.32354536743,0 -10.7249648036,6.32378271887,0 -10.7244228356,6.32404273778,0 -10.7238447309,6.32430655901,0 -10.7232976587,6.32463251698,0 -10.7226839884,6.32481087443,0 -10.7221561673,6.3248592482,0 -10.7213429812,6.32514509903,0 -10.7198928341,6.32583341215,0 -10.7195234888,6.32630004979,0 -10.7193078297,6.32740181535,0 -10.7188836246,6.32899628332,0 -10.7181706955,6.33016812729,0 -10.7171542067,6.33027878584,0 -10.7161608843,6.33043807188,0 -10.7147268302,6.33139451555,0 -10.7136567149,6.33208807383,0 -10.7118774867,6.33347288672,0 -10.7113165069,6.3334999051,0 -10.7098037082,6.33355295288,0 -10.7029832537,6.33379206791,0 -10.7024589948,6.33376910989,0 -10.6981348667,6.33358053855,0 -10.6944874841,6.3334214515,0 -10.6916990957,6.33273372345,0 -10.6887566375,6.33078337652,0 -10.6882741611,6.33045094378,0 -10.6885137074,6.32911811346,0 -10.6888509523,6.32855288722,0 -10.6888056036,6.32759135812,0 -10.6889834297,6.32400200677,0</coordinates></LinearRing></outerBoundaryIs></Polygon>",118,28,EPI  B2,18931.107429,17060127.146200,Rock Hill,3,
"<Polygon><outerBoundaryIs><LinearRing><coordinates>-10.7271646946,6.28229651406,0 -10.7273836681,6.28063458581,0 -10.7264741846,6.27979523681,0 -10.7262411805,6.27875784871,0 -10.7252379546,6.27836443007,0 -10.7241580458,6.279039937,0 -10.7227004411,6.27941772783,0 -10.7215558328,6.28060150322,0 -10.7198198512,6.28125938215,0 -10.717678185,6.28126641767,0 -10.7163440032,6.28139512688,0 -10.7153871506,6.280838448,0 -10.7143639606,6.28117453897,0 -10.7134788125,6.28057294683,0 -10.7123304538,6.27966762733,0 -10.7118864161,6.27903105186,0 -10.7108699384,6.27764864853,0 -10.7104525961,6.27612553403,0 -10.7094610042,6.27442402995,0 -10.7095748455,6.27287573445,0 -10.7094317747,6.27226443186,0 -10.70926756,6.27156278169,0 -10.7088434131,6.26924409148,0 -10.708630557,6.26828929417,0 -10.7082874492,6.26656227797,0 -10.7089650645,6.26588042459,0 -10.7093153948,6.2652624234,0 -10.7097749659,6.26434607167,0 -10.7101588717,6.26362582311,0 -10.7107949643,6.26262007999,0 -10.7109899094,6.26199976683,0 -10.7110955825,6.26147638311,0 -10.7110113029,6.26089484482,0 -10.7102872871,6.26000925602,0 -10.7096414976,6.2593906607,0 -10.7090380386,6.25800011451,0 -10.7086665611,6.25713100382,0 -10.7081958329,6.25674999315,0 -10.7080137971,6.25522933017,0 -10.7078320216,6.25410496491,0 -10.707728849,6.25347090516,0 -10.7078610888,6.25207453265,0 -10.7088649956,6.25319414023,0 -10.7095661811,6.25389885278,0 -10.7114847702,6.25600793294,0 -10.7132163075,6.25712409377,0 -10.7148731154,6.25783641527,0 -10.7153280562,6.25819719812,0 -10.7165735692,6.25859662454,0 -10.7181863209,6.25913275348,0 -10.7199825643,6.25990958987,0 -10.7204579233,6.26011487309,0 -10.7229504162,6.26111490502,0 -10.7254326414,6.26199350592,0 -10.7277590196,6.26281692868,0 -10.729661421,6.26349027599,0 -10.7322918361,6.26442128244,0 -10.7328448473,6.26445223383,0 -10.7335564565,6.26462337919,0 -10.7347745911,6.26489096137,0 -10.7365266669,6.26547227702,0 -10.7385878079,6.2661532762,0 -10.7407312102,6.26686298721,0 -10.7412590137,6.26704031235,0 -10.742138313,6.26736256088,0 -10.7441444009,6.26809775182,0 -10.7461286243,6.26866362515,0 -10.7476468474,6.26919862683,0 -10.7475272216,6.26984876351,0 -10.7473086236,6.27049656733,0 -10.7471299686,6.27103197586,0 -10.7467487132,6.27236574654,0 -10.7465678051,6.27311107321,0 -10.746469662,6.27374860439,0 -10.7458144506,6.27352146547,0 -10.7454562568,6.27453291623,0 -10.7449642511,6.27527657078,0 -10.7424699674,6.27443155957,0 -10.7420558349,6.27510562568,0 -10.7413213721,6.27472710104,0 -10.7411716007,6.27580078606,0 -10.7388320908,6.27914736799,0 -10.7370945992,6.28112601995,0 -10.7352046959,6.28287742608,0 -10.7338396167,6.28288195278,0 -10.7327771039,6.28258199616,0 -10.7320183232,6.28187482217,0 -10.7315601877,6.28144784311,0 -10.7312985614,6.28192896291,0 -10.7302788431,6.28380417754,0 -10.7283831428,6.28381044591,0 -10.7271646946,6.28229651406,0</coordinates></LinearRing></outerBoundaryIs></Polygon>",92,32,EPI  1000,13994.746659,7903980.461140,,,
"<Polygon><outerBoundaryIs><LinearRing><coordinates>-10.7418226902,6.2759532898,0 -10.7420558349,6.27510562568,0 -10.7424699674,6.27443155957,0 -10.7449642511,6.27527657078,0 -10.7454562568,6.27453291623,0 -10.7458144506,6.27352146547,0 -10.746469662,6.27374860439,0 -10.7465678051,6.27311107321,0 -10.7467487132,6.27236574654,0 -10.7471299686,6.27103197586,0 -10.7473086236,6.27049656733,0 -10.7475272216,6.26984876351,0 -10.7476468474,6.26919862683,0 -10.748902287,6.26949140719,0 -10.7497586461,6.26971121053,0 -10.7507516783,6.26993055575,0 -10.7519593796,6.27022328655,0 -10.7526703745,6.27057460714,0 -10.7533041619,6.27077819421,0 -10.7540917895,6.27096374645,0 -10.7549312692,6.27128644999,0 -10.7569309762,6.27188736766,0 -10.7581511476,6.2722510672,0 -10.7606350858,6.27311641239,0 -10.7619856957,6.27397809205,0 -10.7625730416,6.27444528931,0 -10.7632934325,6.27495656421,0 -10.763216058,6.27592773052,0 -10.7640860775,6.27663175372,0 -10.7651316056,6.2770905027,0 -10.7660398956,6.27754971206,0 -10.7665887634,6.27794118724,0 -10.767172726,6.27860719386,0 -10.7679846433,6.27946898066,0 -10.7664596362,6.28085032218,0 -10.7657585764,6.28115442479,0 -10.7650307931,6.28165030019,0 -10.7640895204,6.28281377141,0 -10.7634227535,6.28361359695,0 -10.7628478961,6.28430049131,0 -10.7621229507,6.28519282233,0 -10.7610448183,6.28652015845,0 -10.7605204768,6.28716549545,0 -10.7595304431,6.2883830583,0 -10.759045723,6.28895672081,0 -10.7583962532,6.28974939324,0 -10.7578633296,6.29040190591,0 -10.7568709219,6.29161727864,0 -10.7550484683,6.29385080361,0 -10.7545002374,6.29453666839,0 -10.7538624619,6.29533882984,0 -10.7520581377,6.29754183926,0 -10.7515087838,6.29830487444,0 -10.7510181947,6.29887673648,0 -10.7501871655,6.29830930898,0 -10.7492007968,6.29781982316,0 -10.7492751577,6.29683455245,0 -10.7485127601,6.2936511862,0 -10.7470834176,6.29319114995,0 -10.7462910223,6.29222739665,0 -10.7458420376,6.29168131549,0 -10.7447905533,6.2902123985,0 -10.7419020654,6.28991289043,0 -10.7412935507,6.28932614844,0 -10.7410817109,6.28881220309,0 -10.741019585,6.28804891602,0 -10.7409036452,6.28728015679,0 -10.7413177659,6.28630025095,0 -10.741487968,6.2855539913,0 -10.7412582308,6.28471669928,0 -10.7407126788,6.28395359361,0 -10.7406989828,6.2829697567,0 -10.7409743023,6.28187390083,0 -10.741291891,6.28103588247,0 -10.7417827345,6.28038806449,0 -10.742574025,6.27974212501,0 -10.7416723954,6.27928835658,0 -10.741753771,6.27776162489,0 -10.7418689495,6.27657224085,0 -10.7418226902,6.2759532898,0</coordinates></LinearRing></outerBoundaryIs></Polygon>",80,33,EPI  900,10146.681736,5511424.263580,,,
"<Polygon><outerBoundaryIs><LinearRing><coordinates>-10.7637076832,6.30271701183,0 -10.7630593265,6.30189129523,0 -10.7618194545,6.30093081511,0 -10.7611360039,6.30040778813,0 -10.7603832321,6.30011227503,0 -10.7596377423,6.29995825013,0 -10.7589067155,6.30008955899,0 -10.7582545227,6.30053821354,0 -10.7575110557,6.30098547433,0 -10.756557995,6.30124977386,0 -10.7558387915,6.30118720585,0 -10.7548968045,6.30079761209,0 -10.7542283504,6.30029011484,0 -10.753559873,6.29969106562,0 -10.7531562981,6.29922110465,0 -10.7524704031,6.29826947136,0 -10.7520581377,6.29754183926,0 -10.7538624619,6.29533882984,0 -10.7545002374,6.29453666839,0 -10.7550484683,6.29385080361,0 -10.7568709219,6.29161727864,0 -10.7578633296,6.29040190591,0 -10.7583962532,6.28974939324,0 -10.759045723,6.28895672081,0 -10.7595304431,6.2883830583,0 -10.7605204768,6.28716549545,0 -10.7610448183,6.28652015845,0 -10.7621229507,6.28519282233,0 -10.7628478961,6.28430049131,0 -10.7634227535,6.28361359695,0 -10.7640895204,6.28281377141,0 -10.7650307931,6.28165030019,0 -10.7657585764,6.28115442479,0 -10.766289015,6.28173533173,0 -10.7670449609,6.28273497057,0 -10.7675114777,6.28340311514,0 -10.7681744972,6.28458060006,0 -10.7686306305,6.28538823156,0 -10.7688978618,6.28585659953,0 -10.7694316124,6.28672919501,0 -10.7705678235,6.28790580277,0 -10.772015967,6.28882495923,0 -10.7733557318,6.2896717002,0 -10.7731325163,6.29048743736,0 -10.7728215764,6.29128493358,0 -10.772509579,6.29211851904,0 -10.7722072583,6.29298813925,0 -10.7718094968,6.2939508468,0 -10.7714885115,6.294673895,0 -10.7710783859,6.29564247849,0 -10.7705708707,6.2963995163,0 -10.7699676132,6.29709523683,0 -10.7704960449,6.29739314801,0 -10.7711406278,6.29702174716,0 -10.7715758662,6.29754967833,0 -10.7719120013,6.29801912197,0 -10.772517182,6.29873184503,0 -10.7729513864,6.29940314897,0 -10.773659352,6.29977570096,0 -10.7743539919,6.30021582961,0 -10.7747437139,6.30067677385,0 -10.7749803435,6.30122602876,0 -10.7757239563,6.30205855158,0 -10.7763194756,6.30216559195,0 -10.7770577004,6.30221732849,0 -10.7778969798,6.30254647698,0 -10.7786720716,6.30247799666,0 -10.7791165931,6.30281724813,0 -10.7788581659,6.30338777176,0 -10.7786025804,6.30388086413,0 -10.7784185501,6.30448843198,0 -10.7782317715,6.30504907706,0 -10.7779246436,6.30565200595,0 -10.7776752522,6.30630557169,0 -10.7771104716,6.30746641185,0 -10.7768596574,6.30795737765,0 -10.7764129344,6.30863139567,0 -10.7756555228,6.30882271495,0 -10.7722728115,6.30885007111,0 -10.7701659758,6.30890074895,0 -10.7694549744,6.30891577985,0 -10.768660267,6.30891999135,0 -10.7679520132,6.30892409087,0 -10.7667899432,6.30893029392,0 -10.7660572963,6.30886157252,0 -10.7649743835,6.30847558936,0 -10.7643371549,6.30785384955,0 -10.7643458206,6.30701119406,0 -10.7645327059,6.30643048421,0 -10.7646176738,6.30573482579,0 -10.7647367346,6.30492543018,0 -10.7645710195,6.30381410774,0 -10.7646282812,6.30296452256,0 -10.7637076832,6.30271701183,0</coordinates></LinearRing></outerBoundaryIs></Polygon>",94,34,EPI  800,10225.549531,4408932.535010,,,
"<Polygon><outerBoundaryIs><LinearRing><coordinates>-10.775452456,6.29949072143,0 -10.7748194122,6.29860152932,0 -10.7738626346,6.29899118481,0 -10.7733792765,6.29877299521,0 -10.7728804431,6.2983214619,0 -10.7719120013,6.29801912197,0 -10.7715758662,6.29754967833,0 -10.7711406278,6.29702174716,0 -10.7704960449,6.29739314801,0 -10.7699676132,6.29709523683,0 -10.7705708707,6.2963995163,0 -10.7710783859,6.29564247849,0 -10.7714885115,6.294673895,0 -10.7718094968,6.2939508468,0 -10.7722072583,6.29298813925,0 -10.772509579,6.29211851904,0 -10.7728215764,6.29128493358,0 -10.7731325163,6.29048743736,0 -10.7733557318,6.2896717002,0 -10.772015967,6.28882495923,0 -10.7705678235,6.28790580277,0 -10.7694316124,6.28672919501,0 -10.7688978618,6.28585659953,0 -10.7686306305,6.28538823156,0 -10.7681744972,6.28458060006,0 -10.7675114777,6.28340311514,0 -10.7670449609,6.28273497057,0 -10.766289015,6.28173533173,0 -10.7657585764,6.28115442479,0 -10.7664596362,6.28085032218,0 -10.7679846433,6.27946898066,0 -10.7685503253,6.27973557852,0 -10.7698088183,6.28097919487,0 -10.770670679,6.28183086096,0 -10.771428995,6.2825001091,0 -10.7725567233,6.28340526385,0 -10.7733055885,6.28378675219,0 -10.7739957815,6.28413026663,0 -10.7746951219,6.28447750849,0 -10.7755492793,6.28490203767,0 -10.7762331077,6.28524189709,0 -10.7771584046,6.28575499126,0 -10.7781826258,6.28633527928,0 -10.7797600428,6.28720415364,0 -10.7818819277,6.28818206582,0 -10.7828815033,6.28863231167,0 -10.783880439,6.28908212872,0 -10.7850089118,6.2895908384,0 -10.78588547,6.29000998711,0 -10.786461076,6.29028549268,0 -10.7880595566,6.29099037829,0 -10.7888418287,6.2913352478,0 -10.7900814162,6.29188142609,0 -10.7906705239,6.29214049112,0 -10.7922100186,6.29281732164,0 -10.7934876082,6.29362271363,0 -10.7927468378,6.29463047657,0 -10.7932440155,6.29508213657,0 -10.7929009412,6.29579131232,0 -10.7922874803,6.29605869128,0 -10.7919099674,6.29685289198,0 -10.7916701601,6.2974388087,0 -10.7924337805,6.29790739638,0 -10.7918192113,6.29851712189,0 -10.7911821959,6.29879097497,0 -10.7904655895,6.29881780336,0 -10.7897083865,6.2983205062,0 -10.7887723245,6.29784395152,0 -10.7874139269,6.29831567705,0 -10.7865713035,6.29865848126,0 -10.785495924,6.29914872984,0 -10.784357342,6.29973808883,0 -10.7833051316,6.29990274588,0 -10.781968999,6.30036562411,0 -10.7813554669,6.30064801933,0 -10.7804434667,6.30114533151,0 -10.7794542652,6.30145827423,0 -10.7787546047,6.3013158263,0 -10.7779322602,6.30117000336,0 -10.7773575051,6.30093554984,0 -10.7766098944,6.30059865043,0 -10.775452456,6.29949072143,0</coordinates></LinearRing></outerBoundaryIs></Polygon>",82,35,EPI  700,9257.007798,3188227.001150,,,
"<Polygon><outerBoundaryIs><LinearRing><coordinates>-10.7958848549,6.30815125282,0 -10.7955434691,6.30758674853,0 -10.7950372017,6.3070635083,0 -10.7941611007,6.30617170329,0 -10.7935280259,6.30568831078,0 -10.793054041,6.30501528099,0 -10.7930518159,6.30436766495,0 -10.7929757846,6.30319756979,0 -10.7928637493,6.30231524268,0 -10.7924855724,6.30188987952,0 -10.7925092011,6.30120487664,0 -10.792401947,6.30064521437,0 -10.7922837377,6.30010254316,0 -10.7919579518,6.29954983319,0 -10.7911821959,6.29879097497,0 -10.7918192113,6.29851712189,0 -10.7924337805,6.29790739638,0 -10.7916701601,6.2974388087,0 -10.7919099674,6.29685289198,0 -10.7922874803,6.29605869128,0 -10.7929009412,6.29579131232,0 -10.7932440155,6.29508213657,0 -10.7927468378,6.29463047657,0 -10.7934876082,6.29362271363,0 -10.794501994,6.29394871136,0 -10.795781286,6.29495248016,0 -10.7965937153,6.29577079817,0 -10.7984312008,6.2968263222,0 -10.800076687,6.29821591761,0 -10.8002878123,6.29871814122,0 -10.8005909087,6.29935821814,0 -10.8011534718,6.30035115948,0 -10.8014698901,6.30088212225,0 -10.8019088571,6.30140983478,0 -10.8023311099,6.30257646613,0 -10.803188739,6.30355623365,0 -10.8043040337,6.30424350861,0 -10.8052547242,6.30510257965,0 -10.8063185228,6.30580168813,0 -10.8060785693,6.30683412608,0 -10.8056627066,6.30805627683,0 -10.8053506301,6.3089451967,0 -10.8035040425,6.30792798372,0 -10.8030781834,6.30906217034,0 -10.8034168021,6.30952656842,0 -10.8035934184,6.31005024013,0 -10.8034218745,6.31103384932,0 -10.8029763329,6.31227164612,0 -10.8027398588,6.31298726488,0 -10.8024231873,6.31387671999,0 -10.8018740197,6.31559683482,0 -10.8016223337,6.31629675837,0 -10.8015464304,6.31682484655,0 -10.8016443949,6.3177731842,0 -10.801968121,6.31848585125,0 -10.8013081633,6.31823818048,0 -10.8008500914,6.31792752883,0 -10.8003109819,6.31774376706,0 -10.7999365823,6.31729988274,0 -10.7994564989,6.317028463,0 -10.7988998102,6.31673821119,0 -10.7983679469,6.31644761601,0 -10.7978237713,6.31586949057,0 -10.7976460293,6.31531507665,0 -10.797337199,6.3147504459,0 -10.797115829,6.314253644,0 -10.797167999,6.31369530635,0 -10.797082955,6.31303282554,0 -10.7970834567,6.31232312764,0 -10.7971095127,6.31180756396,0 -10.7970622544,6.31095080791,0 -10.7969930567,6.3100855088,0 -10.7966402536,6.30919100345,0 -10.7958848549,6.30815125282,0</coordinates></LinearRing></outerBoundaryIs></Polygon>",74,36,EPI  600,7345.200500,2113964.941790,,,
"<Polygon><outerBoundaryIs><LinearRing><coordinates>-10.8063879185,6.32238404741,0 -10.8062632145,6.32183509484,0 -10.8054006867,6.32149343731,0 -10.8051655109,6.32065802824,0 -10.8046757552,6.32010387517,0 -10.8041992835,6.31974674686,0 -10.8035446891,6.31934416039,0 -10.8027752221,6.31878608286,0 -10.801968121,6.31848585125,0 -10.8016443949,6.3177731842,0 -10.8015464304,6.31682484655,0 -10.8016223337,6.31629675837,0 -10.8018740197,6.31559683482,0 -10.8024231873,6.31387671999,0 -10.8027398588,6.31298726488,0 -10.8029763329,6.31227164612,0 -10.8034218745,6.31103384932,0 -10.8035934184,6.31005024013,0 -10.8034168021,6.30952656842,0 -10.8030781834,6.30906217034,0 -10.8035040425,6.30792798372,0 -10.8053506301,6.3089451967,0 -10.8056627066,6.30805627683,0 -10.8060785693,6.30683412608,0 -10.8063185228,6.30580168813,0 -10.8069987056,6.30620976011,0 -10.8083422261,6.30691152334,0 -10.8093555425,6.30744101371,0 -10.8102671253,6.3079946575,0 -10.8119399205,6.30885402721,0 -10.8124028474,6.308470119,0 -10.8138396673,6.3093596879,0 -10.8169166501,6.31113979542,0 -10.8182022318,6.31246670476,0 -10.8183930062,6.31396809754,0 -10.8177440813,6.31648509876,0 -10.8178396244,6.31732056095,0 -10.8175902474,6.31836744884,0 -10.8176110203,6.31946425258,0 -10.8174805716,6.32076445893,0 -10.817138068,6.32166870015,0 -10.8163879495,6.32199490929,0 -10.8158925631,6.32184117607,0 -10.8152970548,6.32214643298,0 -10.8146450388,6.32220394997,0 -10.8139240434,6.32215744546,0 -10.8133271293,6.322019377,0 -10.8122924957,6.32181433884,0 -10.8112837942,6.32180153738,0 -10.810396121,6.32180665827,0 -10.809537972,6.3218767513,0 -10.808760872,6.32187149066,0 -10.8082479948,6.32187064727,0 -10.807721318,6.32193952648,0 -10.8071073032,6.32207603851,0 -10.8063879185,6.32238404741,0</coordinates></LinearRing></outerBoundaryIs></Polygon>",56,37,EPI  500,6347.688126,2418538.253050,,,
"<Polygon><outerBoundaryIs><LinearRing><coordinates>-10.8054538983,6.33119200908,0 -10.8049011125,6.33089492349,0 -10.8040185607,6.33099186308,0 -10.8032785187,6.33069515757,0 -10.8028464854,6.33016597154,0 -10.8027270184,6.32950021552,0 -10.8028782331,6.32896932863,0 -10.8031734488,6.32843059355,0 -10.8035924827,6.32791605026,0 -10.8040190229,6.32762604941,0 -10.8044149328,6.32713020054,0 -10.8048969337,6.32678465542,0 -10.8054553307,6.32615628741,0 -10.8060442411,6.32529479967,0 -10.8064331697,6.32476161472,0 -10.8065239372,6.32418490014,0 -10.8066763314,6.3235701839,0 -10.8064586523,6.32305636292,0 -10.8063879185,6.32238404741,0 -10.8071073032,6.32207603851,0 -10.807721318,6.32193952648,0 -10.8082479948,6.32187064727,0 -10.808760872,6.32187149066,0 -10.809537972,6.3218767513,0 -10.810396121,6.32180665827,0 -10.8112837942,6.32180153738,0 -10.8122924957,6.32181433884,0 -10.8133271293,6.322019377,0 -10.8139240434,6.32215744546,0 -10.8146450388,6.32220394997,0 -10.8152970548,6.32214643298,0 -10.8158925631,6.32184117607,0 -10.8163879495,6.32199490929,0 -10.8152703725,6.32290082078,0 -10.8142992291,6.32293373816,0 -10.8134056673,6.32259948559,0 -10.8124409743,6.32251808351,0 -10.8111023402,6.32242611517,0 -10.810406222,6.32332141538,0 -10.8101704176,6.32380936242,0 -10.8097806825,6.32461656824,0 -10.8094640521,6.32529128348,0 -10.8092693551,6.3261368137,0 -10.8089002655,6.32668916573,0 -10.8090526907,6.32763510241,0 -10.8090129816,6.32854224169,0 -10.8088103744,6.32953952447,0 -10.8080033196,6.33031273872,0 -10.8069897245,6.33092732244,0 -10.8062860758,6.33124901609,0 -10.8054538983,6.33119200908,0</coordinates></LinearRing></outerBoundaryIs></Polygon>",51,38,EPI  400,4401.216212,540594.073341,,,
"<Polygon><outerBoundaryIs><LinearRing><coordinates>-10.7835786664,6.33582305155,0 -10.7836765165,6.33519171693,0 -10.7836703469,6.33394652078,0 -10.7830515967,6.33341578426,0 -10.7823830331,6.33272348147,0 -10.7818676828,6.33201124109,0 -10.7816342509,6.33112196186,0 -10.7818657257,6.33004245639,0 -10.78234734,6.32932839938,0 -10.7831353973,6.32795868234,0 -10.7840718041,6.32695068524,0 -10.7855117209,6.32642921969,0 -10.7863149216,6.32635468854,0 -10.7868318382,6.32646762989,0 -10.7873356841,6.32696828656,0 -10.7876533043,6.32759899538,0 -10.7882865434,6.32811333314,0 -10.7891156579,6.32857260269,0 -10.7899273996,6.32874315553,0 -10.7907223004,6.32896420148,0 -10.7916022757,6.32938354986,0 -10.7917258483,6.32847276137,0 -10.7920194702,6.32803830394,0 -10.7925985423,6.32750311884,0 -10.7932109651,6.32705767085,0 -10.7938137412,6.3267680659,0 -10.794288712,6.32654675827,0 -10.7947860784,6.32635487831,0 -10.7954251473,6.32608625206,0 -10.7959255456,6.32585544014,0 -10.7967109995,6.32550614438,0 -10.7976432951,6.32522119321,0 -10.7981522603,6.32505138602,0 -10.7984396519,6.32454270691,0 -10.7989782324,6.32396944147,0 -10.7998022665,6.32371624281,0 -10.8002823967,6.3233652282,0 -10.8009904046,6.32290891119,0 -10.8013138199,6.32230800587,0 -10.801625057,6.32183940105,0 -10.8021829319,6.32184593964,0 -10.8027918213,6.32208598369,0 -10.804027328,6.3225699553,0 -10.8045063383,6.32278812158,0 -10.804308562,6.32369807473,0 -10.8038813408,6.3245703968,0 -10.80338797,6.325264361,0 -10.8026298346,6.32580767949,0 -10.8020640122,6.32655544746,0 -10.8016521118,6.32712340205,0 -10.8012522469,6.32766079958,0 -10.8009111027,6.32859978843,0 -10.8006085041,6.3295383616,0 -10.8002664233,6.33024834257,0 -10.7996954975,6.33163903241,0 -10.7989499168,6.33164082656,0 -10.7985161091,6.3324700805,0 -10.797578458,6.33357961185,0 -10.7968184597,6.33429969756,0 -10.7962595421,6.33472008554,0 -10.7951987891,6.33562530217,0 -10.7945589727,6.33533704644,0 -10.7944832024,6.33613016574,0 -10.7938415842,6.3368123612,0 -10.7934516272,6.33717665518,0 -10.7925025458,6.33723669194,0 -10.7915824136,6.33748969069,0 -10.7907039877,6.33778264293,0 -10.7896017106,6.33815027929,0 -10.7884271955,6.33857599926,0 -10.7873390952,6.3389687952,0 -10.7865666197,6.33918680716,0 -10.7856331018,6.33945515565,0 -10.784960284,6.3396130699,0 -10.7843511241,6.33970351609,0 -10.7827455951,6.33993047026,0 -10.7820841162,6.33961292858,0 -10.7812673504,6.33949602593,0 -10.7817234738,6.33877224327,0 -10.7821372528,6.33812488993,0 -10.7829524615,6.33712948909,0 -10.7833079851,6.33651366691,0 -10.7835786664,6.33582305155,0</coordinates></LinearRing></outerBoundaryIs></Polygon>",83,39,EPI  300,7955.290432,2390942.658230,,,
"<Polygon><outerBoundaryIs><LinearRing><coordinates>-10.7720026893,6.36026357059,0 -10.7722324149,6.35807914835,0 -10.7723858183,6.35586532313,0 -10.7726740147,6.3549793772,0 -10.773100647,6.3539694321,0 -10.7734500249,6.35331410665,0 -10.7738150468,6.35277401144,0 -10.774347683,6.35197122006,0 -10.7747085596,6.35159493006,0 -10.7751049869,6.35125611439,0 -10.7766576555,6.34992949708,0 -10.7771816614,6.34946695862,0 -10.7776514771,6.34872701518,0 -10.777903246,6.34801302479,0 -10.7783338368,6.34726173097,0 -10.7788308744,6.34650080709,0 -10.7790958319,6.34584804048,0 -10.7794780753,6.34482593357,0 -10.7796516884,6.34397466892,0 -10.7797599829,6.34300689301,0 -10.779978913,6.3418940665,0 -10.7801497343,6.34138769755,0 -10.7805815364,6.34048616127,0 -10.7812673504,6.33949602593,0 -10.7820841162,6.33961292858,0 -10.7827455951,6.33993047026,0 -10.7843511241,6.33970351609,0 -10.784960284,6.3396130699,0 -10.7856331018,6.33945515565,0 -10.7865666197,6.33918680716,0 -10.7873390952,6.3389687952,0 -10.7884271955,6.33857599926,0 -10.7896017106,6.33815027929,0 -10.7907039877,6.33778264293,0 -10.7915824136,6.33748969069,0 -10.7925025458,6.33723669194,0 -10.7934516272,6.33717665518,0 -10.7938415842,6.3368123612,0 -10.7944832024,6.33613016574,0 -10.7945589727,6.33533704644,0 -10.7951987891,6.33562530217,0 -10.7962595421,6.33472008554,0 -10.7968184597,6.33429969756,0 -10.797578458,6.33357961185,0 -10.7985161091,6.3324700805,0 -10.7989499168,6.33164082656,0 -10.7996954975,6.33163903241,0 -10.7995869691,6.33343553937,0 -10.7991034022,6.33610370798,0 -10.7989021617,6.3366274187,0 -10.7980466096,6.33879420858,0 -10.7974207699,6.34009670723,0 -10.7966900895,6.34195225167,0 -10.7961325619,6.34340992037,0 -10.7954975819,6.34484807869,0 -10.7949714767,6.34555347044,0 -10.79477542,6.34639334607,0 -10.7944302501,6.34752025202,0 -10.7944060992,6.34894668696,0 -10.7942363358,6.35032502673,0 -10.7946843719,6.35084733526,0 -10.7947724145,6.35151144722,0 -10.7944502129,6.35328379415,0 -10.7935785002,6.35360667237,0 -10.7935031604,6.35423760252,0 -10.7938742087,6.3549545776,0 -10.7949073359,6.35642594376,0 -10.7957449623,6.35747075846,0 -10.7948740951,6.35799764416,0 -10.7926858647,6.35905837287,0 -10.7912684137,6.35919717697,0 -10.7905158269,6.35909805004,0 -10.7896208437,6.35902515444,0 -10.7888450241,6.35902783994,0 -10.7873745147,6.3591772163,0 -10.7865847166,6.36007999459,0 -10.7858073689,6.36118298812,0 -10.7853912958,6.36196650834,0 -10.7849558787,6.36275698169,0 -10.7844920159,6.36351629367,0 -10.7840280541,6.36425068106,0 -10.7836433435,6.36485637898,0 -10.7831078199,6.36576365568,0 -10.7825716643,6.36666816045,0 -10.7822598143,6.36718491286,0 -10.7815394989,6.36830547287,0 -10.7807983002,6.36925738099,0 -10.7804049127,6.36976260036,0 -10.7789865786,6.37076210239,0 -10.7779769918,6.37030500964,0 -10.7765246305,6.3682292388,0 -10.7756011831,6.36736288273,0 -10.7749696654,6.3667703095,0 -10.7738055641,6.36578195475,0 -10.7733690475,6.36530496717,0 -10.7730411557,6.36417124591,0 -10.7726555541,6.36279872892,0 -10.7721907909,6.36131445639,0 -10.7720026893,6.36026357059,0</coordinates></LinearRing></outerBoundaryIs></Polygon>",99,40,EPI  200,12188.591702,6236427.854770,,,
"<Polygon><outerBoundaryIs><LinearRing><coordinates>-10.7830949482,6.39383151033,0 -10.7824918511,6.39378648796,0 -10.7817570087,6.39380805656,0 -10.7811814154,6.39369919826,0 -10.7803852129,6.39370449859,0 -10.7795675736,6.39339142779,0 -10.7786066135,6.39294166916,0 -10.7778274906,6.39271930401,0 -10.7769157851,6.39264962536,0 -10.7755781328,6.3926541754,0 -10.7748102434,6.39259748865,0 -10.7749634808,6.39153594665,0 -10.7757758275,6.39065869543,0 -10.7763048473,6.3900520141,0 -10.7772367361,6.38899465724,0 -10.7777700806,6.38844493798,0 -10.7781887894,6.38807220768,0 -10.7790667704,6.3870095744,0 -10.7796747559,6.38619878699,0 -10.7801275749,6.38513848481,0 -10.7803337007,6.38431974837,0 -10.7804311921,6.38358079994,0 -10.78057866,6.38246305091,0 -10.7806069678,6.38133667107,0 -10.7807258376,6.38058973812,0 -10.7809284367,6.380043133,0 -10.7811027702,6.37924514774,0 -10.7811800053,6.37809655939,0 -10.7807677095,6.37635628757,0 -10.7803171143,6.37530875949,0 -10.7800745245,6.37474499688,0 -10.7793434639,6.37310743499,0 -10.7786890058,6.37151026989,0 -10.7789865786,6.37076210239,0 -10.7804049127,6.36976260036,0 -10.7807983002,6.36925738099,0 -10.7815394989,6.36830547287,0 -10.7822598143,6.36718491286,0 -10.7825716643,6.36666816045,0 -10.7831078199,6.36576365568,0 -10.7836433435,6.36485637898,0 -10.7840280541,6.36425068106,0 -10.7844920159,6.36351629367,0 -10.7849558787,6.36275698169,0 -10.7853912958,6.36196650834,0 -10.7858073689,6.36118298812,0 -10.7865847166,6.36007999459,0 -10.7873745147,6.3591772163,0 -10.7888450241,6.35902783994,0 -10.7896208437,6.35902515444,0 -10.7905158269,6.35909805004,0 -10.7912684137,6.35919717697,0 -10.7926858647,6.35905837287,0 -10.793360133,6.35909300604,0 -10.7934507531,6.35989685092,0 -10.7935040106,6.36075761992,0 -10.7934529644,6.36173587083,0 -10.7933276689,6.36260022529,0 -10.79349062,6.36347255128,0 -10.793639767,6.36422221811,0 -10.793773443,6.36480677203,0 -10.7940163975,6.36559356031,0 -10.7943554482,6.36626761426,0 -10.7947383679,6.36708488262,0 -10.7949885179,6.36781384742,0 -10.7951761226,6.36852383814,0 -10.7956178259,6.36937110381,0 -10.7962365982,6.37043216666,0 -10.7970702824,6.37145043677,0 -10.7978578554,6.37234964887,0 -10.7982254492,6.37304063188,0 -10.7979528027,6.37390451118,0 -10.7979848474,6.37459044761,0 -10.7980628904,6.37524638105,0 -10.7981896063,6.37616908537,0 -10.7983771135,6.37702959846,0 -10.7984656733,6.37775279219,0 -10.7983757112,6.37826995267,0 -10.7980699569,6.37891327078,0 -10.7973835109,6.3794519116,0 -10.7964427355,6.37939797484,0 -10.7955882412,6.37919430944,0 -10.7949639501,6.37894452928,0 -10.7942593046,6.37871946805,0 -10.7933431176,6.37874702228,0 -10.7926565677,6.37926441917,0 -10.7921517266,6.37987876042,0 -10.7911341057,6.38142506503,0 -10.7909662532,6.38213260849,0 -10.7907241453,6.38260419179,0 -10.7902878349,6.38319060368,0 -10.7899326399,6.38371174516,0 -10.7898306262,6.38439729803,0 -10.7894993718,6.38517464146,0 -10.7890484254,6.38626462271,0 -10.7891151791,6.38743107361,0 -10.7884327176,6.38816448936,0 -10.787426943,6.38802042253,0 -10.7862054101,6.38843524652,0 -10.7857448438,6.38901832631,0 -10.7854634157,6.38945246496,0 -10.7852548536,6.39023305065,0 -10.7851241965,6.39108061501,0 -10.7850167384,6.39177664745,0 -10.7850033986,6.3926537559,0 -10.784308466,6.39351684179,0 -10.7830949482,6.39383151033,0</coordinates></LinearRing></outerBoundaryIs></Polygon>",107,41,EPI  100,11038.285993,5063464.363450,,,
"<Polygon><outerBoundaryIs><LinearRing><coordinates>-10.7461466805,6.34997640193,0 -10.7463082012,6.34889549258,0 -10.7464426812,6.34815415385,0 -10.7458355027,6.34757976897,0 -10.7444902855,6.34659872254,0 -10.7426591853,6.3450311703,0 -10.7420719239,6.34511064356,0 -10.7421702023,6.34597111616,0 -10.7421673078,6.34660833421,0 -10.7408369949,6.34637421812,0 -10.7403737834,6.34612386906,0 -10.7398126087,6.34566732135,0 -10.7384051665,6.34439990268,0 -10.7379883455,6.34400802874,0 -10.7373213694,6.34357580626,0 -10.736238715,6.34340207938,0 -10.7366148459,6.3426243265,0 -10.73605405,6.34197997554,0 -10.7351667255,6.34143976363,0 -10.7345735381,6.34121497962,0 -10.7337198228,6.34113362912,0 -10.7321966074,6.34140991731,0 -10.7315929374,6.34135646173,0 -10.7308569682,6.34131988404,0 -10.7301418357,6.34150299264,0 -10.729397171,6.34157385915,0 -10.7287265351,6.34156987991,0 -10.7280842992,6.34152850618,0 -10.7269496008,6.34202997004,0 -10.7264046593,6.34203075749,0 -10.7253054397,6.34196004332,0 -10.7241441926,6.34183719421,0 -10.7233818774,6.34184061664,0 -10.7219923018,6.34184637557,0 -10.719326328,6.34183536157,0 -10.7187821832,6.34285000577,0 -10.7175799782,6.34330553737,0 -10.71601194,6.34390667187,0 -10.7151869711,6.34425102958,0 -10.7140424105,6.34441884984,0 -10.7148722357,6.34174115844,0 -10.7140892192,6.34007941318,0 -10.7138135878,6.33875959348,0 -10.7136278578,6.33729480044,0 -10.7140931947,6.33580920655,0 -10.7147766252,6.33468514649,0 -10.7149745543,6.33364772403,0 -10.7147268302,6.33139451555,0 -10.7161608843,6.33043807188,0 -10.7171542067,6.33027878584,0 -10.7181706955,6.33016812729,0 -10.7188836246,6.32899628332,0 -10.7193078297,6.32740181535,0 -10.7195234888,6.32630004979,0 -10.7198928341,6.32583341215,0 -10.7213429812,6.32514509903,0 -10.7221561673,6.3248592482,0 -10.7226839884,6.32481087443,0 -10.7232976587,6.32463251698,0 -10.7238447309,6.32430655901,0 -10.7244228356,6.32404273778,0 -10.7249648036,6.32378271887,0 -10.7254596376,6.32354536743,0 -10.7257520309,6.32285519892,0 -10.7250563236,6.32200182724,0 -10.7242884163,6.32217865385,0 -10.7236366333,6.32170317958,0 -10.7234634173,6.32104814965,0 -10.7238255336,6.32011385121,0 -10.7240064041,6.31916339755,0 -10.7240170218,6.31861687496,0 -10.7238201074,6.31805637459,0 -10.7238123327,6.31714254579,0 -10.7247439194,6.31689984039,0 -10.7253896582,6.31698473044,0 -10.7261460138,6.31700002391,0 -10.7266672143,6.31624507011,0 -10.7272132625,6.31598469323,0 -10.728105568,6.3159715637,0 -10.7288532692,6.31554662998,0 -10.7293709115,6.31513088551,0 -10.7302062173,6.31441355859,0 -10.7308661225,6.31379084631,0 -10.7315977526,6.31359118102,0 -10.7326095371,6.3128830917,0 -10.7330025616,6.31243080632,0 -10.7333376037,6.31152773665,0 -10.7335043276,6.31087897263,0 -10.7338687825,6.31032844892,0 -10.7347333271,6.30980395144,0 -10.7355733356,6.31039284814,0 -10.7363590524,6.31081071295,0 -10.7369831506,6.31074079136,0 -10.7377795153,6.31036535935,0 -10.7384725635,6.30972084305,0 -10.7398647282,6.30901147453,0 -10.7403307664,6.30936962498,0 -10.7401652511,6.31046229577,0 -10.7402250256,6.31144881708,0 -10.7399674002,6.31278197798,0 -10.7397528389,6.3134797854,0 -10.7394628076,6.31525753111,0 -10.7426140038,6.31679375404,0 -10.743083485,6.31701259803,0 -10.7426749569,6.31542875733,0 -10.7424318939,6.31435864683,0 -10.7427681901,6.31383590455,0 -10.7440361502,6.31390229928,0 -10.7448680744,6.31413912678,0 -10.7455311672,6.31447485169,0 -10.7462519714,6.31517715157,0 -10.7469877618,6.31534929929,0 -10.7477331581,6.31583451188,0 -10.7483966811,6.31629738479,0 -10.7489544425,6.31671851034,0 -10.7483733048,6.31753665645,0 -10.7488673919,6.31808585155,0 -10.7493303716,6.31845620791,0 -10.7495109134,6.31901405618,0 -10.7499706942,6.31944890588,0 -10.7497335326,6.32014029187,0 -10.7485711425,6.3210919241,0 -10.7493854418,6.32135366559,0 -10.7499641539,6.32170379362,0 -10.7497989556,6.32242178171,0 -10.7496908826,6.32335646062,0 -10.7494798351,6.32396505036,0 -10.7492821354,6.32447579708,0 -10.7490336907,6.32541809556,0 -10.7490261834,6.32611390457,0 -10.7493589072,6.32687377846,0 -10.7503446582,6.32834316703,0 -10.7512467843,6.32937470572,0 -10.7514416685,6.33000826384,0 -10.7515577854,6.3308579449,0 -10.7521643101,6.33200877825,0 -10.7526733968,6.33271926577,0 -10.7531471104,6.33390787166,0 -10.7531917781,6.33502097685,0 -10.7530018546,6.33611625718,0 -10.7520547434,6.3373920807,0 -10.7517160597,6.33806208448,0 -10.7516108689,6.33884311362,0 -10.7513172267,6.33948644228,0 -10.7509107768,6.34036425175,0 -10.7506125711,6.34100705244,0 -10.7502336914,6.34180722323,0 -10.750442734,6.34251085568,0 -10.7519287134,6.34269431673,0 -10.7518757932,6.34380082233,0 -10.7518403007,6.34453173001,0 -10.7517988953,6.34539325746,0 -10.7517977495,6.34660601291,0 -10.7518857586,6.3474723388,0 -10.7524428826,6.34775471305,0 -10.752864466,6.34722264457,0 -10.7538489951,6.3464048257,0 -10.7543552947,6.34679575786,0 -10.7554481884,6.34758912328,0 -10.7553873814,6.34814767501,0 -10.7551618999,6.34910347447,0 -10.7545749692,6.35007529575,0 -10.7537728031,6.34951203855,0 -10.7528943768,6.34954004941,0 -10.7519085801,6.34962090044,0 -10.7509935496,6.34949286491,0 -10.7504443319,6.34960912063,0 -10.7504651241,6.35038519784,0 -10.7504852927,6.35090570974,0 -10.749597003,6.35120848934,0 -10.7491146252,6.35185608753,0 -10.7486384297,6.35228945547,0 -10.748294309,6.35294193185,0 -10.748045049,6.35348303484,0 -10.7476098131,6.3541198833,0 -10.7473223498,6.3557129341,0 -10.7468600865,6.35619626814,0 -10.7461804424,6.35637262347,0 -10.7453731494,6.35593215412,0 -10.7445091638,6.35573858126,0 -10.7441018655,6.3552015296,0 -10.7429991796,6.35455597322,0 -10.7421756335,6.3539439413,0 -10.741267879,6.35360330472,0 -10.7424426748,6.35337886773,0 -10.744037356,6.35323632145,0 -10.7451925369,6.35307995668,0 -10.7457047954,6.35227006293,0 -10.7460250111,6.35079063187,0 -10.7461466805,6.34997640193,0</coordinates></LinearRing></outerBoundaryIs></Polygon>",190,42,EPI  1200,20808.370158,12178858.591000,,,
"<MultiGeometry><Polygon><outerBoundaryIs><LinearRing><coordinates>-10.7785675964,6.3784700836,0 -10.7790053962,6.37810689602,0 -10.7795913908,6.37825123881,0 -10.7792138626,6.37860574192,0 -10.7785675964,6.3784700836,0</coordinates></LinearRing></outerBoundaryIs></Polygon><Polygon><outerBoundaryIs><LinearRing><coordinates>-10.7042528438,6.39686449796,0 -10.699196865,6.39329597563,0 -10.697336059,6.38941004819,0 -10.6966573036,6.38799257884,0 -10.693557517,6.37497620847,0 -10.6930233834,6.37273320834,0 -10.6938432846,6.36940580347,0 -10.6947261918,6.36582268249,0 -10.6998909936,6.36221987339,0 -10.7034257941,6.36154475441,0 -10.7037534782,6.36207490746,0 -10.7076269445,6.36320596483,0 -10.7066695204,6.36382117664,0 -10.7065986779,6.36640297503,0 -10.7068840784,6.36866598614,0 -10.7073285864,6.3698014381,0 -10.7076285657,6.37061947541,0 -10.7081380508,6.37124566013,0 -10.7091268611,6.37255010267,0 -10.7098587452,6.37344954378,0 -10.711401599,6.37432093077,0 -10.7123927011,6.37491513386,0 -10.7132320804,6.37537234165,0 -10.7150751685,6.37612409192,0 -10.7179868423,6.37741335285,0 -10.7187372731,6.37795593911,0 -10.7198192245,6.37872769601,0 -10.7204969145,6.37924753439,0 -10.7218174604,6.37975974592,0 -10.7228655697,6.38005518581,0 -10.7230430087,6.38094413004,0 -10.7238100959,6.38158915512,0 -10.7254504392,6.38216015531,0 -10.7259955395,6.38227612571,0 -10.7267977333,6.38220537202,0 -10.7281774591,6.38141395977,0 -10.7286411844,6.38112373772,0 -10.7293260038,6.38144639138,0 -10.7307851864,6.38099750171,0 -10.7324422322,6.38159564147,0 -10.7332481891,6.38162478922,0 -10.7337629805,6.38173685463,0 -10.7343244391,6.38189037599,0 -10.7352136719,6.38069939775,0 -10.7355464928,6.38026659059,0 -10.7358490544,6.37968064314,0 -10.7362309082,6.37897973926,0 -10.7359920285,6.37803564297,0 -10.7356457565,6.37627472651,0 -10.7355153474,6.37554275393,0 -10.7356409129,6.37472097143,0 -10.7358855075,6.37379512229,0 -10.7363183593,6.37273671236,0 -10.7365635122,6.37172193323,0 -10.7372664976,6.37109322382,0 -10.7376054198,6.37069893877,0 -10.7381765425,6.36971378081,0 -10.7396075999,6.36896834457,0 -10.7402490662,6.36842896021,0 -10.7408169999,6.36805497998,0 -10.7413356621,6.36770850071,0 -10.7421018744,6.36716191709,0 -10.7430856657,6.36691593298,0 -10.7436332337,6.36646950007,0 -10.7441347893,6.36606890284,0 -10.7446914395,6.36592393406,0 -10.7459953979,6.36559330479,0 -10.7467649052,6.36487018596,0 -10.7475746733,6.36464052401,0 -10.7491535414,6.36461271494,0 -10.750004328,6.36415166645,0 -10.750574351,6.36409667781,0 -10.7512388176,6.3640240664,0 -10.7520145569,6.36402765111,0 -10.7525753284,6.36468436282,0 -10.7530631951,6.36496357536,0 -10.753687651,6.36418617833,0 -10.7544925115,6.36431221608,0 -10.7556503436,6.36572222859,0 -10.7553542617,6.36620410923,0 -10.7546754956,6.36688122679,0 -10.7531133082,6.36767690751,0 -10.7518771309,6.36869211778,0 -10.7503659125,6.36989136087,0 -10.7495447942,6.37145559516,0 -10.7482196085,6.3732978861,0 -10.747720673,6.3750904704,0 -10.7475190623,6.37660739454,0 -10.7469735916,6.37817069485,0 -10.7460244054,6.37944011838,0 -10.7452824029,6.38045050573,0 -10.7447131418,6.38183021984,0 -10.7439829349,6.38314153332,0 -10.7439080513,6.38459100666,0 -10.7438535741,6.3856454964,0 -10.7430970662,6.38594701232,0 -10.7413419103,6.38579977701,0 -10.7416069207,6.38654883387,0 -10.7417697295,6.38716823097,0 -10.740654913,6.39018075824,0 -10.7419647195,6.39295789551,0 -10.7443301782,6.39076565108,0 -10.7461181746,6.38995597117,0 -10.7470026929,6.3893386732,0 -10.747284944,6.38878049782,0 -10.7477894134,6.38820178821,0 -10.7480374437,6.38746458328,0 -10.7479777764,6.38694430257,0 -10.7476290092,6.3862953069,0 -10.7480960806,6.38560030818,0 -10.7485050653,6.38476789742,0 -10.7494979877,6.38413723215,0 -10.7499751784,6.38384513477,0 -10.7516164895,6.38297603929,0 -10.7530608833,6.38225962951,0 -10.754040165,6.38196422703,0 -10.7545611786,6.38166226805,0 -10.7550803166,6.38141466942,0 -10.7557172546,6.38087268658,0 -10.7574806518,6.38017626626,0 -10.7591723534,6.38004271482,0 -10.7603260655,6.37989805819,0 -10.7608130226,6.37965734644,0 -10.7609211219,6.37909722131,0 -10.7606916555,6.37847453789,0 -10.7612583547,6.37778009033,0 -10.7619345572,6.37757667979,0 -10.7624611015,6.37768055782,0 -10.762986662,6.37749679038,0 -10.7636070011,6.37711207917,0 -10.7645708764,6.37650579332,0 -10.7660154126,6.37617378218,0 -10.7667609098,6.37559522538,0 -10.7665735518,6.37449331193,0 -10.7660563403,6.3736036,0 -10.765649622,6.37290395817,0 -10.7656334613,6.37210803106,0 -10.7655205734,6.37092929286,0 -10.7652428099,6.37027215713,0 -10.7645990855,6.36996834385,0 -10.7651791514,6.369537431,0 -10.7661267979,6.36922789178,0 -10.7662471751,6.36858436932,0 -10.7656624013,6.36763696238,0 -10.7653549194,6.36697001964,0 -10.7650749115,6.36589386905,0 -10.7647358468,6.36519031838,0 -10.7642138642,6.36476373781,0 -10.7639059329,6.36424431021,0 -10.7645780659,6.36381308512,0 -10.764821157,6.36329177539,0 -10.7655560701,6.36338081409,0 -10.7658288268,6.36261470425,0 -10.7663785909,6.36224521239,0 -10.7668956874,6.36132483565,0 -10.7670162729,6.3607423462,0 -10.7668001323,6.36022260652,0 -10.7656892386,6.36005154209,0 -10.7647453457,6.35903551995,0 -10.7652950036,6.35863523069,0 -10.766380107,6.35826419361,0 -10.7666688807,6.35768169469,0 -10.7672202077,6.35777136044,0 -10.7676512298,6.35817119225,0 -10.7681699998,6.35801337638,0 -10.7686882405,6.357429527,0 -10.7689926117,6.35690800752,0 -10.7692359051,6.35644773026,0 -10.7688657476,6.35565273838,0 -10.7693836428,6.35488579051,0 -10.7688460345,6.35430555267,0 -10.7672740855,6.35405770693,0 -10.7671766783,6.35320953074,0 -10.7677460569,6.35263287505,0 -10.7688236357,6.35225423277,0 -10.7694658033,6.35206809015,0 -10.7700963904,6.35238522773,0 -10.7704491729,6.3532130555,0 -10.7710597721,6.35279757819,0 -10.7708128159,6.35218583076,0 -10.7714546689,6.35190813716,0 -10.772648472,6.35190433113,0 -10.774347683,6.35197122006,0 -10.7738150468,6.35277401144,0 -10.7734500249,6.35331410665,0 -10.773100647,6.3539694321,0 -10.7726740147,6.3549793772,0 -10.7723858183,6.35586532313,0 -10.7722324149,6.35807914835,0 -10.7720026893,6.36026357059,0 -10.7721907909,6.36131445639,0 -10.7724361795,6.36353817439,0 -10.7727031922,6.36461552282,0 -10.7733690475,6.36530496717,0 -10.7738055641,6.36578195475,0 -10.7736179621,6.36687503201,0 -10.774539194,6.36775967145,0 -10.7750449907,6.36852496326,0 -10.7757932941,6.36934163327,0 -10.776508668,6.37081528458,0 -10.7775829901,6.37169938797,0 -10.7786890058,6.37151026989,0 -10.7793434639,6.37310743499,0 -10.7786990757,6.37412894629,0 -10.77820092,6.37447538733,0 -10.777214364,6.37534893946,0 -10.7770362197,6.37621884201,0 -10.7772071957,6.37719823584,0 -10.7773386853,6.3779514373,0 -10.7773283978,6.3785950124,0 -10.7779486207,6.37871352558,0 -10.7773916069,6.37943880055,0 -10.7775661281,6.38012736263,0 -10.777989493,6.38057375872,0 -10.7781436227,6.38107486585,0 -10.778642227,6.3805957153,0 -10.778748974,6.38110517494,0 -10.7793004511,6.38129244433,0 -10.7782908719,6.38204542201,0 -10.7790892284,6.38243033508,0 -10.7793234285,6.38293728614,0 -10.7782163859,6.3830386097,0 -10.7784198649,6.38401146875,0 -10.7788571215,6.38506628851,0 -10.7787733415,6.38566956037,0 -10.7786032536,6.38630760278,0 -10.7779690848,6.3871020914,0 -10.7777129678,6.38777433828,0 -10.7771113527,6.38801772237,0 -10.7762418272,6.38787316396,0 -10.7758210977,6.38833242759,0 -10.7754089075,6.38871248056,0 -10.7746352947,6.38904235414,0 -10.7743097097,6.38947409898,0 -10.7737934709,6.38953634704,0 -10.7727396022,6.38962163995,0 -10.771300068,6.38975233738,0 -10.7706721251,6.3902269408,0 -10.7749634808,6.39153594665,0 -10.7741441306,6.3927913324,0 -10.773061496,6.39395981158,0 -10.7721068475,6.39454235226,0 -10.7704708725,6.39469887665,0 -10.7693623373,6.39447607941,0 -10.7679537479,6.39488385787,0 -10.7660687652,6.39589795168,0 -10.7641077545,6.39673598301,0 -10.7624228458,6.39737131234,0 -10.7608878588,6.39757832422,0 -10.7595289212,6.39780959451,0 -10.7584964798,6.39778769835,0 -10.7575140804,6.39761474041,0 -10.7569388238,6.39743842094,0 -10.7554216509,6.39686631945,0 -10.7541621696,6.39669430073,0 -10.7529526054,6.39649895269,0 -10.7523322753,6.39639876575,0 -10.7502807004,6.39989202918,0 -10.7442928285,6.40170799471,0 -10.741587994,6.41014760441,0 -10.7408705377,6.41195961237,0 -10.7393995693,6.41567466144,0 -10.7359703574,6.4183231939,0 -10.7338809553,6.41983069659,0 -10.7313891078,6.41919035523,0 -10.7308333523,6.41897630777,0 -10.7252945511,6.41684300891,0 -10.7248466476,6.41573351551,0 -10.7245135294,6.4149083517,0 -10.7239307333,6.41346470157,0 -10.7233036249,6.41034387273,0 -10.7231664951,6.40982326154,0 -10.7225633411,6.40779392554,0 -10.7152932392,6.40419236033,0 -10.711511245,6.40289357892,0 -10.7073549197,6.39867903886,0 -10.7059168095,6.39698386049,0 -10.7042528438,6.39686449796,0</coordinates></LinearRing></outerBoundaryIs></Polygon></MultiGeometry>",283,43,EPI  1600,43242.380188,30149809.074100,,,
"<Polygon><outerBoundaryIs><LinearRing><coordinates>-10.7544925115,6.36431221608,0 -10.753687651,6.36418617833,0 -10.7530631951,6.36496357536,0 -10.7525753284,6.36468436282,0 -10.7520145569,6.36402765111,0 -10.7512388176,6.3640240664,0 -10.750574351,6.36409667781,0 -10.750004328,6.36415166645,0 -10.7490224504,6.36283033796,0 -10.7492372584,6.36153944997,0 -10.7486039243,6.36051551677,0 -10.7481797303,6.36004191261,0 -10.7468369989,6.35970261174,0 -10.7462768703,6.35892974174,0 -10.7458693561,6.35836951588,0 -10.7455239447,6.35750305519,0 -10.7455102843,6.35698115009,0 -10.7453731494,6.35593215412,0 -10.7461804424,6.35637262347,0 -10.7468600865,6.35619626814,0 -10.7473223498,6.3557129341,0 -10.7476098131,6.3541198833,0 -10.748045049,6.35348303484,0 -10.748294309,6.35294193185,0 -10.7486384297,6.35228945547,0 -10.7491146252,6.35185608753,0 -10.749597003,6.35120848934,0 -10.7504852927,6.35090570974,0 -10.7504651241,6.35038519784,0 -10.7504443319,6.34960912063,0 -10.7509935496,6.34949286491,0 -10.7519085801,6.34962090044,0 -10.7528943768,6.34954004941,0 -10.7537728031,6.34951203855,0 -10.7545749692,6.35007529575,0 -10.7551618999,6.34910347447,0 -10.7553873814,6.34814767501,0 -10.7554481884,6.34758912328,0 -10.7543552947,6.34679575786,0 -10.7538489951,6.3464048257,0 -10.752864466,6.34722264457,0 -10.7524428826,6.34775471305,0 -10.7518857586,6.3474723388,0 -10.7517977495,6.34660601291,0 -10.7517988953,6.34539325746,0 -10.7518403007,6.34453173001,0 -10.7518757932,6.34380082233,0 -10.7519287134,6.34269431673,0 -10.750442734,6.34251085568,0 -10.7502336914,6.34180722323,0 -10.7506125711,6.34100705244,0 -10.7509107768,6.34036425175,0 -10.7513172267,6.33948644228,0 -10.7516108689,6.33884311362,0 -10.7517160597,6.33806208448,0 -10.7520547434,6.3373920807,0 -10.7530018546,6.33611625718,0 -10.7531917781,6.33502097685,0 -10.7531471104,6.33390787166,0 -10.7526733968,6.33271926577,0 -10.7521643101,6.33200877825,0 -10.7515577854,6.3308579449,0 -10.7514416685,6.33000826384,0 -10.7512467843,6.32937470572,0 -10.7503446582,6.32834316703,0 -10.7493589072,6.32687377846,0 -10.7490261834,6.32611390457,0 -10.7490336907,6.32541809556,0 -10.7492821354,6.32447579708,0 -10.7494798351,6.32396505036,0 -10.7496908826,6.32335646062,0 -10.7502561631,6.32343270256,0 -10.7515633111,6.32343140697,0 -10.7519725506,6.32410874714,0 -10.7523436221,6.3249410606,0 -10.7525277823,6.32548821262,0 -10.7532381348,6.32581060126,0 -10.7534401403,6.32636919025,0 -10.753957893,6.32661319724,0 -10.7539267106,6.32599250899,0 -10.7545535597,6.32603281685,0 -10.7540792918,6.32530366806,0 -10.7554227849,6.32427172912,0 -10.7568020315,6.32407294955,0 -10.7572839587,6.32445927768,0 -10.7576745204,6.32559964064,0 -10.7582164783,6.32512495147,0 -10.7590588174,6.32492797923,0 -10.7596039057,6.32560485043,0 -10.7607122867,6.32674547571,0 -10.7610444865,6.32751970233,0 -10.7612271579,6.32800509115,0 -10.7621885436,6.3280503569,0 -10.7662877045,6.32824334262,0 -10.7676605227,6.32716437166,0 -10.7688993884,6.32697422882,0 -10.7700482207,6.32771401763,0 -10.7706056779,6.3279397356,0 -10.7729339488,6.32888245559,0 -10.7740281683,6.32915223781,0 -10.7759113987,6.32961654696,0 -10.7779822429,6.32971316046,0 -10.7798173086,6.33006826759,0 -10.7818657257,6.33004245639,0 -10.7816342509,6.33112196186,0 -10.7818676828,6.33201124109,0 -10.7823830331,6.33272348147,0 -10.7830515967,6.33341578426,0 -10.7836703469,6.33394652078,0 -10.7836765165,6.33519171693,0 -10.7835786664,6.33582305155,0 -10.7833079851,6.33651366691,0 -10.7829524615,6.33712948909,0 -10.7821372528,6.33812488993,0 -10.7817234738,6.33877224327,0 -10.7812673504,6.33949602593,0 -10.7805815364,6.34048616127,0 -10.7801497343,6.34138769755,0 -10.779978913,6.3418940665,0 -10.7797599829,6.34300689301,0 -10.7796516884,6.34397466892,0 -10.7794780753,6.34482593357,0 -10.7790958319,6.34584804048,0 -10.7788308744,6.34650080709,0 -10.7783338368,6.34726173097,0 -10.777903246,6.34801302479,0 -10.7765772032,6.34781455513,0 -10.7759503013,6.34755852496,0 -10.7753894047,6.34800116329,0 -10.7749108578,6.34846055217,0 -10.7740196155,6.3484862116,0 -10.7744068952,6.34809608091,0 -10.7743791314,6.34726490773,0 -10.7736509057,6.34761831773,0 -10.7730587356,6.34807761611,0 -10.77291878,6.34707552663,0 -10.7722014886,6.34808607558,0 -10.7715270817,6.34819749185,0 -10.7694083369,6.34855743136,0 -10.7689986408,6.34955225979,0 -10.7682444083,6.35049915762,0 -10.7670473546,6.35228225481,0 -10.7671766783,6.35320953074,0 -10.7672740855,6.35405770693,0 -10.7670016847,6.35545162354,0 -10.7661120362,6.35594914563,0 -10.7652633867,6.35654372801,0 -10.7644933894,6.3564333312,0 -10.7635400591,6.35614667444,0 -10.7631053268,6.35687151635,0 -10.7631058608,6.35818882003,0 -10.7629272142,6.35922247714,0 -10.7625153485,6.35961325268,0 -10.7617947485,6.35974512311,0 -10.7604220236,6.35956910243,0 -10.7592847562,6.35982318347,0 -10.7572883913,6.36020013288,0 -10.7560719369,6.36027886446,0 -10.755885561,6.36153577439,0 -10.7565638028,6.36252667934,0 -10.7574133628,6.36289988109,0 -10.7581492695,6.36386204711,0 -10.7581519583,6.36465264918,0 -10.7574925049,6.36632371122,0 -10.7564156468,6.36717563039,0 -10.7554343301,6.36771922929,0 -10.7546754956,6.36688122679,0 -10.7553542617,6.36620410923,0 -10.7556503436,6.36572222859,0 -10.7544925115,6.36431221608,0</coordinates></LinearRing></outerBoundaryIs></Polygon>",170,44,EPI  1300,19132.103648,10520380.079300,,,
"<Polygon><outerBoundaryIs><LinearRing><coordinates>-10.7238100959,6.38158915512,0 -10.7230430087,6.38094413004,0 -10.7228655697,6.38005518581,0 -10.7218174604,6.37975974592,0 -10.7204969145,6.37924753439,0 -10.7198192245,6.37872769601,0 -10.7187372731,6.37795593911,0 -10.7179868423,6.37741335285,0 -10.7150751685,6.37612409192,0 -10.7132320804,6.37537234165,0 -10.7123927011,6.37491513386,0 -10.711401599,6.37432093077,0 -10.7098587452,6.37344954378,0 -10.7091268611,6.37255010267,0 -10.7081380508,6.37124566013,0 -10.7076285657,6.37061947541,0 -10.7073285864,6.3698014381,0 -10.7068840784,6.36866598614,0 -10.7065986779,6.36640297503,0 -10.7066695204,6.36382117664,0 -10.7076269445,6.36320596483,0 -10.7092262996,6.36217782746,0 -10.7112251396,6.36086681227,0 -10.7116968558,6.36045269803,0 -10.7142735963,6.3576529358,0 -10.7149571174,6.3569775887,0 -10.7157200768,6.35692136949,0 -10.7165279106,6.35702549952,0 -10.7191138852,6.35735994681,0 -10.7223460431,6.35836361032,0 -10.7229130434,6.3585781682,0 -10.7232958514,6.36106162839,0 -10.7240955261,6.36063019084,0 -10.7243137251,6.36004172139,0 -10.7251026202,6.35895459316,0 -10.7258930867,6.35850672081,0 -10.7262703491,6.35798203356,0 -10.7270849056,6.35755887141,0 -10.7274597083,6.35647678155,0 -10.7274854449,6.35537215562,0 -10.7276842587,6.35422370207,0 -10.7286403269,6.35350757095,0 -10.7285851501,6.35201567075,0 -10.7272701113,6.35054222041,0 -10.7267167513,6.34963972789,0 -10.7257953129,6.34917204254,0 -10.7249045707,6.3486771263,0 -10.7240064436,6.34812684928,0 -10.7228993462,6.34741450615,0 -10.7217575524,6.34658698722,0 -10.7211006164,6.34582058415,0 -10.720478232,6.34423122484,0 -10.7201558885,6.34337356913,0 -10.719326328,6.34183536157,0 -10.7219923018,6.34184637557,0 -10.7233818774,6.34184061664,0 -10.7241441926,6.34183719421,0 -10.7253054397,6.34196004332,0 -10.7264046593,6.34203075749,0 -10.7269496008,6.34202997004,0 -10.7280842992,6.34152850618,0 -10.7287265351,6.34156987991,0 -10.729397171,6.34157385915,0 -10.7301418357,6.34150299264,0 -10.7308569682,6.34131988404,0 -10.7315929374,6.34135646173,0 -10.7321966074,6.34140991731,0 -10.7337198228,6.34113362912,0 -10.7345735381,6.34121497962,0 -10.7351667255,6.34143976363,0 -10.73605405,6.34197997554,0 -10.7366148459,6.3426243265,0 -10.736238715,6.34340207938,0 -10.7373213694,6.34357580626,0 -10.7379883455,6.34400802874,0 -10.7384051665,6.34439990268,0 -10.7398126087,6.34566732135,0 -10.7403737834,6.34612386906,0 -10.7408369949,6.34637421812,0 -10.7421673078,6.34660833421,0 -10.7421702023,6.34597111616,0 -10.7420719239,6.34511064356,0 -10.7426591853,6.3450311703,0 -10.7444902855,6.34659872254,0 -10.7458355027,6.34757976897,0 -10.7464426812,6.34815415385,0 -10.7463082012,6.34889549258,0 -10.7461466805,6.34997640193,0 -10.7460250111,6.35079063187,0 -10.7457047954,6.35227006293,0 -10.7451925369,6.35307995668,0 -10.744037356,6.35323632145,0 -10.7424426748,6.35337886773,0 -10.741267879,6.35360330472,0 -10.7421756335,6.3539439413,0 -10.7429991796,6.35455597322,0 -10.7441018655,6.3552015296,0 -10.7445091638,6.35573858126,0 -10.7453731494,6.35593215412,0 -10.7455102843,6.35698115009,0 -10.7455239447,6.35750305519,0 -10.7458693561,6.35836951588,0 -10.7462768703,6.35892974174,0 -10.7468369989,6.35970261174,0 -10.7481797303,6.36004191261,0 -10.7486039243,6.36051551677,0 -10.7492372584,6.36153944997,0 -10.7490224504,6.36283033796,0 -10.750004328,6.36415166645,0 -10.7491535414,6.36461271494,0 -10.7475746733,6.36464052401,0 -10.7467649052,6.36487018596,0 -10.7459953979,6.36559330479,0 -10.7446914395,6.36592393406,0 -10.7441347893,6.36606890284,0 -10.7436332337,6.36646950007,0 -10.7430856657,6.36691593298,0 -10.7421018744,6.36716191709,0 -10.7413356621,6.36770850071,0 -10.7408169999,6.36805497998,0 -10.7402490662,6.36842896021,0 -10.7396075999,6.36896834457,0 -10.7381765425,6.36971378081,0 -10.7376054198,6.37069893877,0 -10.7372664976,6.37109322382,0 -10.7365635122,6.37172193323,0 -10.7363183593,6.37273671236,0 -10.7358855075,6.37379512229,0 -10.7356409129,6.37472097143,0 -10.7355153474,6.37554275393,0 -10.7356457565,6.37627472651,0 -10.7359920285,6.37803564297,0 -10.7362309082,6.37897973926,0 -10.7358490544,6.37968064314,0 -10.7355464928,6.38026659059,0 -10.7352136719,6.38069939775,0 -10.7343244391,6.38189037599,0 -10.7337629805,6.38173685463,0 -10.7332481891,6.38162478922,0 -10.7324422322,6.38159564147,0 -10.7307851864,6.38099750171,0 -10.7293260038,6.38144639138,0 -10.7286411844,6.38112373772,0 -10.7281774591,6.38141395977,0 -10.7267977333,6.38220537202,0 -10.7259955395,6.38227612571,0 -10.7254504392,6.38216015531,0 -10.7238100959,6.38158915512,0</coordinates></LinearRing></outerBoundaryIs></Polygon>",148,45,EPI  1400,18762.988964,12092914.068500,,,
